,tags,coordinates,time,fav_count,review,country_code,lon,lat
0,"['vegan', 'veganfood', 'veganfoodshare', 'vegandessert']","[-76.1105804, 36.8410797]",Thu Nov 08 14:11:52 +0000 2018,0,"You need to gobble these donuts up right now! trumpetnikki 
.
.
#vegan #veganfood #veganfoodshare #vegandessert‚Ä¶ https://t.co/SxCMj2L0wP",US,-76.1105804,36.8410797
1,"['Repost', 'vegansofig', 'veganlifestyle', 'whatvegansdrink']","[-76.8882299, 40.26374]",Thu Nov 08 14:21:46 +0000 2018,0,"Delish vegan protein bowl #Repost @overexposedaerialphotaugraph

#vegansofig #veganlifestyle #whatvegansdrink‚Ä¶ https://t.co/qPZgwRmLuc",US,-76.8882299,40.26374
2,[],"[-72.89356, 41.67243]",Thu Nov 08 14:22:27 +0000 2018,0,"Pop‚Äôd it! ü§©üç´üçø
‚Ä¢
Stop in Today from 11-6pmüç≠
‚Ä¢
üç¨Available In‚û°Ô∏èOriginal | GF | Sugar Free | Vegan | Peanut Free | &amp; Mo‚Ä¶ https://t.co/7ms7ELlLcb",US,-72.89356,41.67243
3,"['vegansofig', 'veganlifestyle', 'whatvegansdrink']","[-76.8882299, 40.26374]",Thu Nov 08 14:24:08 +0000 2018,0,"Vegan Vanilla Donuts with Oreos smothered in Chocolate Ganache. 
#vegansofig #veganlifestyle #whatvegansdrink‚Ä¶ https://t.co/tvLRiLFsWL",US,-76.8882299,40.26374
4,[],"[-82.9996, 39.9624]",Thu Nov 08 14:25:40 +0000 2018,0,"I have a LONG WAY TO Go, but hit 315 for 3 sets!

DM for Nutrition and Fitness Guidance!
ü§óü§óü§óü§óü§óü§óü§óü§ó
.
.
.
. ‚úâGmail: T‚Ä¶ https://t.co/kOM8skC6D8",US,-82.9996,39.9624
5,"['health', 'fitness', 'progress', 'wellnesscoach', 'martialarts', 'core']","[-118.243, 34.0522]",Thu Nov 08 14:44:26 +0000 2018,0,"FULL VIDEO LINK IN BIO ‚úåüèº

https://t.co/fmGRaQbyjP #health #fitness #progress #wellnesscoach #martialarts #core‚Ä¶ https://t.co/nnhIUDnfDg",US,-118.243,34.0522
6,[],"[-72.59965821, 41.71335476]",Thu Nov 08 14:47:47 +0000 2018,0,"It‚Äôs Vegan doughnut day here at Dee‚Äôs! Today‚Äôs flavors are Pumpkin Spice, Cinnamon Sugar, &amp; Chocolate Zebra Stripe!‚Ä¶ https://t.co/q2ZieuQkQc",US,-72.59965821,41.71335476
7,['health'],"[-78.7328124, 39.6483691]",Thu Nov 08 14:49:30 +0000 2018,0,Our team is committed to improving the #health status and quality of life of the individuals and the community we s‚Ä¶ https://t.co/0o9g3h1Z3i,US,-78.7328124,39.6483691
8,[],"[-78.04869815, 38.97316526]",Thu Nov 08 14:56:51 +0000 2018,0,I found the easiest vegan pancake recipe for dinner last night on @allrecipes that made for an awesome quick fix br‚Ä¶ https://t.co/O9wbAatxe0,US,-78.04869815,38.97316526
9,['Vegan'],"[-122.41706, 37.79048]",Thu Nov 08 15:02:58 +0000 2018,0,"This was so good and if you didn't know I LOVE healthy vegan sweets.

@nourishcafesf did not disappoint!

#Vegan‚Ä¶ https://t.co/A2uTAiBDPr",US,-122.41706,37.79048
10,"['vitasmart', 'concordnc', 'charlotte', 'lowprice', 'vitamins']","[-80.66688, 35.41109]",Thu Nov 08 15:09:34 +0000 2018,0,"Tag your ""workout"" partner.
It's Chest and Leg Day üçóüçó
.
.
.
.
#vitasmart #concordnc #charlotte #lowprice #vitamins‚Ä¶ https://t.co/OW0yoU7j3Z",US,-80.66688,35.41109
11,[],"[-87.632496, 41.883222]",Thu Nov 08 15:14:17 +0000 2018,0,"Pumpkin Cream Soup / K√ºrbis Creme Suppe
.
.
Can you imagine fall without a warming pumpkin cream soup? This vegan,‚Ä¶ https://t.co/q5UGwMYhus",US,-87.632496,41.883222
12,['soup'],"[-84.29531, 37.74756]",Thu Nov 08 15:19:05 +0000 2018,0,"#soup season! Now serving daily:
Broccoli ü•¶ Cheddar üßÄ 
Chicken üêî Noodle üçú 
Tomato üçÖ Basil üåø 
Vegan üå± Chili üå∂ 
Chili‚Ä¶ https://t.co/85OxlgxjQJ",US,-84.29531,37.74756
13,"['vegan', 'icecream', 'raspberry', 'acai', 'chocolate']","[-118.44157, 33.99324]",Thu Nov 08 15:20:48 +0000 2018,0,"For a yummy #vegan #icecream bar that‚Äôs different, check out @coconutbliss #raspberry #acai #chocolate. Being 250 c‚Ä¶ https://t.co/qXkwSVdl0H",US,-118.44157,33.99324
14,[],"[-70.85460781, 42.5004898]",Thu Nov 08 15:27:13 +0000 2018,0,"Is it lunch time yettttt??
.
.
.
üì∏: Vegan Sticky Tofu Banh Mi @ Shubie's Marketplace Wines and Spirits https://t.co/PbNoTQcjK3",US,-70.85460781,42.5004898
15,"['mouthwatering', 'juicy', 'vegan', 'foodporn', 'troyboyworld']","[-87.65, 41.89972222]",Thu Nov 08 15:29:06 +0000 2018,0,"#mouthwatering #juicy #vegan #foodporn 
#troyboyworld @ Chicago metropolitan area https://t.co/sTRqmrL1qJ",US,-87.65,41.89972222
16,[],"[-76.61944, 39.31973]",Thu Nov 08 15:32:54 +0000 2018,0,"The Black Bean Hummus Wrap! With tomato, cucumber, carrots, onions and mixed greens on a tomato basil wrap. 

Black‚Ä¶ https://t.co/Mr7Ht6qkKk",US,-76.61944,39.31973
17,[],"[-120.428, 34.8745]",Thu Nov 08 15:38:21 +0000 2018,0,They have lost My Business üíö I am off of 4 Medications because of CBD Oil. I love using a NaturalüíöVegan free üå±CBD üåø‚Ä¶ https://t.co/Cf8VnfGgG4,US,-120.428,34.8745
18,[],"[-118.33333333, 34.1]",Thu Nov 08 15:48:43 +0000 2018,0,"I see a LOT of oatmeal, soup, &amp; applesauce in my near future. üîÆ It is hilarious the instructions state to NOT diet‚Ä¶ https://t.co/M7SF6ivNJN",US,-118.33333333,34.1
19,[],"[-80.1407303, 26.1530413]",Thu Nov 08 15:52:36 +0000 2018,0,The day has finally come. Tonight we compete for the title of Best Vegan Burger in the nation. Please join us for a‚Ä¶ https://t.co/1CSXf84CBk,US,-80.1407303,26.1530413
20,[],"[-96.68344481, 33.1037122]",Thu Nov 08 16:07:19 +0000 2018,0,Beware of weight loss plans that promise weight loss with no exercise. In order to lose weight I had to work my ass‚Ä¶ https://t.co/SDuFrxIKcu,US,-96.68344481,33.1037122
21,"['Cupcakes', 'cinnamon', 'cinnamoncream', 'icing', 'madefromscratch', 'vegan', 'glutenfree']","[-72.27864, 42.93066]",Thu Nov 08 16:13:16 +0000 2018,0,Morning Folks! Today's #Cupcakes are #cinnamon with #cinnamoncream #icing üíû #madefromscratch #vegan #glutenfree‚Ä¶ https://t.co/5txNBqswfz,US,-72.27864,42.93066
22,[],"[-81.356694, 41.152884]",Thu Nov 08 16:14:33 +0000 2018,0,"LAZIZA now delivering with Ozi
Mediterranean cuisine redefined, vegetarian friendly, vegan options and gluten free‚Ä¶ https://t.co/hoowaIVYMe",US,-81.356694,41.152884
23,['sacredgrindsnola'],"[-90.0969, 29.9719]",Thu Nov 08 16:15:58 +0000 2018,0,"It‚Äôs a great day for vegan donuts, no matter how you feel about election results. @girlsgonevegan #sacredgrindsnola‚Ä¶ https://t.co/RfTAbxSEn9",US,-90.0969,29.9719
24,[],"[-81.356694, 41.152884]",Thu Nov 08 16:17:46 +0000 2018,0,"LAZIZA now delivering with Ozi
Mediterranean cuisine redefined, vegetarian friendly, vegan options and gluten free‚Ä¶ https://t.co/gvHgkHDL49",US,-81.356694,41.152884
25,[],"[-81.356694, 41.152884]",Thu Nov 08 16:18:32 +0000 2018,0,"LAZIZA now delivering with Ozi
Mediterranean cuisine redefined, vegetarian friendly, vegan options and gluten free‚Ä¶ https://t.co/7pcQFM0mtg",US,-81.356694,41.152884
26,[],"[-81.356694, 41.152884]",Thu Nov 08 16:22:16 +0000 2018,0,"LAZIZA now delivering with Ozi
Mediterranean cuisine redefined, vegetarian friendly, vegan options and gluten free‚Ä¶ https://t.co/W9TwTrIyhn",US,-81.356694,41.152884
27,['dairyfree'],"[-111.9264, 33.49072]",Thu Nov 08 16:28:49 +0000 2018,0,"Took an hour to escape the chaos that is around us right now and indulged in some #dairyfree deliciousness.
-
If yo‚Ä¶ https://t.co/M9jjwhMZZE",US,-111.9264,33.49072
28,[],"[-118.243, 34.0522]",Thu Nov 08 16:35:48 +0000 2018,0,"Vegan. Not vegan. I don't care. ü§∑üèΩ‚Äç‚ôÄÔ∏è
I mean we're not baby cows, but LIVE your LIFE. I had a tiny slice of cheese‚Ä¶ https://t.co/VRM2BxfvGj",US,-118.243,34.0522
29,"['BlindmanAnimations', 'MusaMajicTV']","[-77.03158, 38.91725]",Thu Nov 08 16:36:30 +0000 2018,0,"#BlindmanAnimations is at it again in collaboration with #MusaMajicTV. 
@betterchoosecee has dropped the highly ant‚Ä¶ https://t.co/xS4VK2SmVT",US,-77.03158,38.91725
30,"['sugarfree', 'diet', 'love', 'me', 'instagood', 'instalike', 'funnymemes', 'funny', 'alaska']","[-151.075, 60.4866]",Thu Nov 08 16:40:03 +0000 2018,0,"#sugarfree #diet #love #me #instagood #instalike #funnymemes #funny #alaska @ Soldotna, Alaska https://t.co/zdWF2C7HZ5",US,-151.075,60.4866
31,"['Biblical', 'Bible']","[-77.9121, 34.2232]",Thu Nov 08 16:46:12 +0000 2018,0,"Place yourself under authoritative, bold, and passionate expository preaching and teaching. #Biblical #Bible‚Ä¶ https://t.co/UAJ7O0rnJj",US,-77.9121,34.2232
32,"['health', 'healing']","[-74.0064, 40.7142]",Thu Nov 08 16:51:46 +0000 2018,0,Our kids depend on us to have a CLEAN diet that is conducive to #health &amp; #healing. Start them early!üòâ‚Ä¶ https://t.co/t8Xcjf5ZKL,US,-74.0064,40.7142
33,[],"[-72.59965821, 41.71335476]",Thu Nov 08 17:00:08 +0000 2018,0,In our kettle today is Vegan Corn Chowder! üåΩ @ Dee's One Smart Cookie Allergen Free Bakery https://t.co/pAjniHGCwz,US,-72.59965821,41.71335476
34,"['Repost', 'vegansofig', 'veganlifestyle']","[-76.8882299, 40.26374]",Thu Nov 08 17:04:49 +0000 2018,0,"Stop in today for some VEGAN NACHOS &amp; BEER! #Repost laurenswiss with get_repost 
#vegansofig #veganlifestyle‚Ä¶ https://t.co/lhjcSY6swv",US,-76.8882299,40.26374
35,[],"[-117.24031389, 32.79782778]",Thu Nov 08 17:08:49 +0000 2018,0,"Did you know cupping helps with detoxification?!
Even if you eat the cleanest possible diet, toxins abound in our c‚Ä¶ https://t.co/tmP7BNOC5h",US,-117.24031389,32.79782778
36,"['vegan', 'friendly', 'yummy', 'westchester', 'mytowndiscoveries', 'source', 'local', 'dougspicks']","[-75.60517162, 39.96019606]",Thu Nov 08 17:13:12 +0000 2018,0,"liquideatery heck yeah! #vegan #friendly #yummy #westchester 
#mytowndiscoveries
#source #local #dougspicks‚Ä¶ https://t.co/8k5wqex0J6",US,-75.60517162,39.96019606
37,"['FITTEAM', 'vegan', 'veganlife']","[-80.08807, 26.84469]",Thu Nov 08 17:14:43 +0000 2018,0,"My exotic fruit has arrived! First time ever trying this stuff!ü§©ü§§üå± @fruitsnrootz 
#FITTEAM #vegan #veganlife‚Ä¶ https://t.co/DqlmyzD6rB",US,-80.08807,26.84469
38,"['vegan', 'veganfood']","[-76.1105804, 36.8410797]",Thu Nov 08 17:19:28 +0000 2018,0,"Lunch time! Loaded baked potato soup by chef_darin_deveau  chick-un pot pie is also back.
.
.
#vegan #veganfood‚Ä¶ https://t.co/MkPmRVtADh",US,-76.1105804,36.8410797
39,['themakeupshow'],"[-118.2553787, 34.0405807]",Thu Nov 08 17:26:41 +0000 2018,0,"The Makeup Show LA ‚Ä¢ Show special 30% off üíú Stoo by Cozzette Beauty Booth 3014 
~~~~~~~~~~~~~~~~~~~~
#themakeupshow‚Ä¶ https://t.co/bPJcWw5YqO",US,-118.2553787,34.0405807
40,"['Solmecs', 'Vegan', 'mexicansoulfood', 'Eat2Live', 'BroOB']","[-92.01271, 34.22782]",Thu Nov 08 17:26:45 +0000 2018,0,Fiyah taco salads today...11am to 1pm. Call in 501.398.1083 #Solmecs #Vegan #mexicansoulfood #Eat2Live #BroOB‚Ä¶ https://t.co/8E5uDv3gZX,US,-92.01271,34.22782
41,"['neworleans', 'vegan']","[-90.13486, 29.95113]",Thu Nov 08 17:27:50 +0000 2018,0,"We‚Äôve been coming to #neworleans for years and at first the #vegan scene was weak, at best. But every time we come‚Ä¶ https://t.co/RqCfLnWW3A",US,-90.13486,29.95113
42,"['ootd', 'lotd', 'fashion', 'style', 'love', 'vegan', 'leather', 'nola']","[-90.12705, 29.98058]",Thu Nov 08 17:28:28 +0000 2018,0,[regram]. vegan leather crop flares $228. #ootd #lotd #fashion #style #love #vegan #leather #nola @ Shop Em's https://t.co/XKKjkHLc8b,US,-90.12705,29.98058
43,['themakeupshow'],"[-118.2553787, 34.0405807]",Thu Nov 08 17:29:30 +0000 2018,0,"The Makeup Show LA ‚Ä¢ Show special 30% off üíú Stoo by Cozzette Beauty Booth 3014 
~~~~~~~~~~~~~~~~~~~~
#themakeupshow‚Ä¶ https://t.co/ERvG7se99S",US,-118.2553787,34.0405807
44,['themakeupshow'],"[-118.2553787, 34.0405807]",Thu Nov 08 17:29:34 +0000 2018,0,"The Makeup Show LA ‚Ä¢ Show special 30% off üíú Stoo by Cozzette Beauty Booth 3014 
~~~~~~~~~~~~~~~~~~~~
#themakeupshow‚Ä¶ https://t.co/cRuXsjhUxF",US,-118.2553787,34.0405807
45,[],"[-74.0064, 40.7142]",Thu Nov 08 17:30:38 +0000 2018,0,"So I decided to call my Dr's assistant instead of waiting for her to call, my new surgery day is 11/28/18 and liqui‚Ä¶ https://t.co/kRcarqTy7r",US,-74.0064,40.7142
46,"['vegan', 'food', 'biscuitsandgravy', 'yummy', 'goodness', 'organic', 'fresh', 'healthy', 'snacks', 'instagood', 'lifestyle', 'foodie']","[-95.3832, 29.7629]",Thu Nov 08 17:36:45 +0000 2018,0,Omg! #vegan #food #biscuitsandgravy #yummy #goodness #organic #fresh #healthy #snacks #instagood #lifestyle #foodie‚Ä¶ https://t.co/H00FeWDQ3q,US,-95.3832,29.7629
47,[],"[-118.33333333, 34.1]",Thu Nov 08 17:37:12 +0000 2018,0,"Ok I'm dead...... this vegan shit is going way too far now, it used to be called ""Pleather"" back in the days but fa‚Ä¶ https://t.co/SM3Ax3v7rM",US,-118.33333333,34.1
48,[],"[-118.243, 34.0522]",Thu Nov 08 17:55:54 +0000 2018,0,"Too soon to talk about Almond Nog &amp; wool-free Holiday Sweaters??! Never!üòú
‚ùÑÔ∏èNEW STICKER DROP‚ùÑÔ∏è
We‚Äôre already in the‚Ä¶ https://t.co/eNoH5OGeu1",US,-118.243,34.0522
49,"['hairstyles', 'haircolor', 'highlights', 'lowelights', 'americansalon', 'americas']","[-84.18757171, 34.03061968]",Thu Nov 08 17:57:14 +0000 2018,0,Transformation #hairstyles #haircolor #highlights #lowelights #americansalon #americas Beauty show‚Ä¶ https://t.co/eSl7dbFToo,US,-84.18757171,34.03061968
50,"['hiring', 'DietAide', 'Bangor', 'Job', 'Jobs', 'CareerArc']","[-68.7778138, 44.8011821]",Thu Nov 08 18:06:10 +0000 2018,0,"We're #hiring! Click to apply: Diet Aide - https://t.co/5PgUHVWa09 #DietAide #Bangor, ME #Job #Jobs #CareerArc",US,-68.7778138,44.8011821
51,"['2Miles', 'MetroLIFE', 'rehab', 'preparation', 'weightloss', 'weightlossjourney', 'exercise']","[-96.7157, 32.9656]",Thu Nov 08 18:13:46 +0000 2018,0,"Let's take a walk. üòÅüòÅüö∂üèæüö∂üèæ
  
 #2Miles #MetroLIFE #rehab #preparation #weightloss #weightlossjourney #exercise‚Ä¶ https://t.co/0RGyK4tJKt",US,-96.7157,32.9656
52,"['TofuThursday', 'vegan', 'eatmogo']","[-74.01127, 40.21559]",Thu Nov 08 18:24:15 +0000 2018,0,"Hey gorgeous üòç Our perfectly fried, crispy and spicy tofu is sure to hit the spot üå±üçöüéØ #TofuThursday #vegan #eatmogo‚Ä¶ https://t.co/Mw0pEfMHVD",US,-74.01127,40.21559
53,"['healthylifestyle', 'healthylife']","[-117.20348, 32.89876]",Thu Nov 08 18:29:34 +0000 2018,0,"Our new special is now available üëè
‚Äî‚Äî‚Äî‚Äî‚Äî‚Äî‚Äî‚Äî‚Äî-
feature: HOLIDAY WRAP 
‚Äî‚Äî‚Äî‚Äî‚Äî‚Äî‚Äî‚Äî‚Äî
‚ù§Ô∏è#healthylifestyle #healthylife‚Ä¶ https://t.co/y3pyQ4ouKc",US,-117.20348,32.89876
54,[],"[-89.781604, 43.5717361]",Thu Nov 08 18:30:06 +0000 2018,0,Big thanks to The Executive Chef of the @greatwolflodge greatwolflodgeofficial  in the Wisconsin Dells for the deli‚Ä¶ https://t.co/HD60S9939i,US,-89.781604,43.5717361
55,['BeyondSausage'],"[-76.3333, 43.1667]",Thu Nov 08 18:34:07 +0000 2018,0,Ooooooo snap! Look what I found and stocked up on... @beyondmeat Vegan (Yes really) #BeyondSausage üå≠üå≠üå≠ Wasn‚Äôt able‚Ä¶ https://t.co/I6Njq9vkn4,US,-76.3333,43.1667
56,[],"[-74.0064, 40.7142]",Thu Nov 08 18:37:25 +0000 2018,0,One of my favorite things about cold weather... SOUP! ü•£üôå And I am loving this Vegan Pumpkin Bisque üéÉ soup from‚Ä¶ https://t.co/TUeDD6x394,US,-74.0064,40.7142
57,[],"[-74.02260751, 40.88938414]",Thu Nov 08 18:40:54 +0000 2018,0,Vegan cheesecake!!! üòã @ Veggie Heaven https://t.co/6qOO2F9WAX,US,-74.02260751,40.88938414
58,[],"[-81.35998249, 41.1502737]",Thu Nov 08 18:50:35 +0000 2018,0,"Meet Kyle, a new member of the GRAZERS Family. He is enjoying today‚Äôs special... VEGAN Mac and Cheese! Available Ev‚Ä¶ https://t.co/Bd12IaI7oQ",US,-81.35998249,41.1502737
59,[],"[-122.678249, 45.518237]",Thu Nov 08 18:54:51 +0000 2018,0,"Eating Vegan or plant based does not have to be difficult !
If you eat a wide variety of fruits and vegetables 
If‚Ä¶ https://t.co/hDMs2CZm5m",US,-122.678249,45.518237
60,"['belatedbdaylunch', 'cornedbeef', 'slymans']","[-81.64249, 41.39487]",Thu Nov 08 18:55:46 +0000 2018,0,I took a bite before I snapped the picture. Still celebrating bday! #belatedbdaylunch #cornedbeef #slymans I‚Äôm goin‚Ä¶ https://t.co/jDhSvdk8qh,US,-81.64249,41.39487
61,"['healthy', 'organic', 'vegan']","[-156.376, 20.9107]",Thu Nov 08 19:07:41 +0000 2018,0,"Breakfast of Champions #healthy #organic #vegan @ Paia, Hawaii https://t.co/0KlhNYNzji",US,-156.376,20.9107
62,"['pumpkin', 'smoothie', 'whatveganseat', 'vegan', 'veganfoodshare', 'veganfoodporn', 'plantbased']","[-77.06567, 38.91124]",Thu Nov 08 19:13:23 +0000 2018,0,"Lunch on the run. jaco__taco__

#pumpkin #smoothie #whatveganseat #vegan #veganfoodshare #veganfoodporn #plantbased‚Ä¶ https://t.co/xPGPiH1m26",US,-77.06567,38.91124
63,"['sandsprings', 'weightloss', 'drinkmorewater', 'eatyourveggies', 'eatmorefruit', 'yougotthis']","[-96.1050186, 36.140461]",Thu Nov 08 19:13:35 +0000 2018,0,"https://t.co/4dFqQKtFDl
 #sandsprings #weightloss #drinkmorewater #eatyourveggies #eatmorefruit #yougotthis‚Ä¶ https://t.co/E4u3n6xnsP",US,-96.1050186,36.140461
64,"['yummy', 'cooking']","[-80.18186878, 25.95054381]",Thu Nov 08 19:13:53 +0000 2018,0,"Thursday November 8, 2018
My Vegan üå± Thanksgiving Dinner üçΩ Order for two has been placed!
#yummy no üë©üèæ‚Äçüç≥ #cooking f‚Ä¶ https://t.co/hxVp1xDk1Z",US,-80.18186878,25.95054381
65,"['sogood', 'tasty', 'vegan', 'food', 'jerseycity', 'hoboken', 'cookingwithlove', 'alwaysfresh']","[-74.0489, 40.7232]",Thu Nov 08 19:18:06 +0000 2018,0,"TERIYAKI @tea_nj #sogood #tasty #vegan #food #jerseycity #hoboken #cookingwithlove #alwaysfresh 
Photo Art by: Mari‚Ä¶ https://t.co/bSUONSarv4",US,-74.0489,40.7232
66,[],"[-80.18186878, 25.95054381]",Thu Nov 08 19:31:07 +0000 2018,0,"Help me Decide!
Do I enjoy my Thanksgiving Day in Miami or Poolside near home here in South Florida?
üå¥‚õ±‚òÄÔ∏è
Thursday‚Ä¶ https://t.co/3SWrUAsZ8J",US,-80.18186878,25.95054381
67,['breakfast'],"[-97.535, 35.4823]",Thu Nov 08 19:35:14 +0000 2018,0,"This morning #breakfast üòÉOrange Juice, Whole Wheat Bread, Mozzarela Part Skin Milk, Scramble Eggs and Homemade Pest‚Ä¶ https://t.co/W0OgScgABK",US,-97.535,35.4823
68,['brucewitkin'],"[-118.243, 34.0522]",Thu Nov 08 19:35:22 +0000 2018,0,Pinch me ! Did I just record a song with the legendary #brucewitkin for @JVM to spread the vegan animal rights mess‚Ä¶ https://t.co/IfGU77yhMF,US,-118.243,34.0522
69,[],"[-74.1992, 39.9571]",Thu Nov 08 19:53:36 +0000 2018,0,"These skincare products from Dermae are seriously life changing! Not only are they vegan and cruelty-free, but they‚Ä¶ https://t.co/ApAFzMX7np",US,-74.1992,39.9571
70,[],"[-81.356694, 41.152884]",Thu Nov 08 19:54:43 +0000 2018,0,"LAZIZA now delivering with Ozi
Mediterranean cuisine redefined, vegetarian friendly, vegan options and gluten free‚Ä¶ https://t.co/uzxjQsfzjr",US,-81.356694,41.152884
71,"['tiffanystapandgrill', 'scranton', 'huffposttaste']","[-75.57747, 41.49362]",Thu Nov 08 19:58:08 +0000 2018,0,"Fall Harvest Vegan Chili - low fat, Vegan &amp; gluten free! #tiffanystapandgrill #scranton #570 #huffposttaste‚Ä¶ https://t.co/j4uQuDqwuR",US,-75.57747,41.49362
72,"['belatedbdaylunch', 'cornedbeef', 'slymans']","[-81.64249, 41.39487]",Thu Nov 08 19:58:32 +0000 2018,0,I took a bite before I snapped the picture. Still celebrating bday! #belatedbdaylunch #cornedbeef #slymans I‚Äôm goin‚Ä¶ https://t.co/tISGgT0SuJ,US,-81.64249,41.39487
73,['nachodaddy'],"[-115.170901, 36.108398]",Thu Nov 08 20:00:15 +0000 2018,0,Vegan Fajita Bowl #nachodaddy @ Nacho Daddy https://t.co/JAwKjKzOxC,US,-115.170901,36.108398
74,"['tiffanystapandgrill', 'scranton', 'huffposttaste']","[-75.57747, 41.49362]",Thu Nov 08 20:02:35 +0000 2018,0,"Fall Harvest Chili - Vegan, Gluten-free &amp; Lo - Fat!  #tiffanystapandgrill #scranton #570 #huffposttaste‚Ä¶ https://t.co/kObP8x9oy4",US,-75.57747,41.49362
75,[],"[-74.0064, 40.7142]",Thu Nov 08 20:03:44 +0000 2018,0,"Liquid diet starts again on Wednesday, so I'm having my salad again. I miss it, I love it and I can pig out on othe‚Ä¶ https://t.co/WfAyZd1TCP",US,-74.0064,40.7142
76,[],"[-97.1342773, 33.210289]",Thu Nov 08 20:05:25 +0000 2018,0,Juice Lab is now stocked with goodearthcheese for all your fancy vegan cheeze needs! Stop in and check out the vari‚Ä¶ https://t.co/Z9CfcjRac3,US,-97.1342773,33.210289
77,['freesamples'],"[-72.78754561, 41.95284107]",Thu Nov 08 20:05:37 +0000 2018,0,Happening RIGHT NOW granbyvillagehealthct in Granby CT. Come taste our delicious plant-based spread!! #freesamples‚Ä¶ https://t.co/H09UKB5MEZ,US,-72.78754561,41.95284107
78,[],"[-118.2675, 34.09444444]",Thu Nov 08 20:05:55 +0000 2018,0,"Potato thins, wispy shallots, some thyme, salt &amp; pep, and enough garlicky cream to make this dish rich and velvety.‚Ä¶ https://t.co/rmSqgO64Fy",US,-118.2675,34.09444444
79,"['health', 'videoshoot']","[-111.89369, 33.63981]",Thu Nov 08 20:11:30 +0000 2018,0,Nicest people &amp; programs that work to help you get to your ideal #health great #videoshoot with @LifeScapeAZ‚Ä¶ https://t.co/ybGp7hU8Ct,US,-111.89369,33.63981
80,[],"[-81.61291, 31.83176]",Thu Nov 08 20:11:30 +0000 2018,0,Fresh from Farmer's Kitchen today more vegan gluten free organic zucchini bread. @ Farmer's Natural Foods https://t.co/uD2Vcev5vL,US,-81.61291,31.83176
81,"['RoastedCauliflower', 'Asparagus', 'PintoBeans', 'Homemade', 'Vegan', 'Herbivore', 'PlantPowered', 'PlantBased']","[-115.198, 36.0315]",Thu Nov 08 20:28:36 +0000 2018,0,Lunch time!üòã #RoastedCauliflower #Asparagus #PintoBeans #Homemade #Vegan #Herbivore #PlantPowered #PlantBased‚Ä¶ https://t.co/WMXITFljbi,US,-115.198,36.0315
82,[],"[-81.02966, 29.21275]",Thu Nov 08 20:29:01 +0000 2018,0,Vegan Diet https://t.co/IHXNgSnPKF @ BBP Wellness Club https://t.co/9Llft9GNiL,US,-81.02966,29.21275
83,"['fitness', 'fit', 'gym']","[-81.657, 30.3285]",Thu Nov 08 20:41:33 +0000 2018,0,"Day 3 of the challenge. 
üôåüèº
Did you get your 45 sec done today? 
üíØ
Let me know.
.
.
.
.
.
#fitness, #fit, #gym,‚Ä¶ https://t.co/gqSliEeGFQ",US,-81.657,30.3285
84,"['thaifood', 'myfab5', 'travelportland', 'sweetbasilor', 'vegan']","[-122.63345, 45.53537]",Thu Nov 08 20:42:17 +0000 2018,0,"Thai Suki a lot of veggies, glass noodle and some proteins.  #thaifood #myfab5 #travelportland #sweetbasilor #vegan‚Ä¶ https://t.co/fkDcteMv1A",US,-122.63345,45.53537
85,"['selfie', 'vegan', 'queer', 'hairstylist', 'indie', 'style', 'art', 'fashion', 'film']","[-96.8861, 31.4789]",Thu Nov 08 20:46:07 +0000 2018,0,"#selfie 
11/8/18 https://t.co/qWOWsN1pvN 
üåÄ #vegan #queer #hairstylist #indie #style #art #fashion #film‚Ä¶ https://t.co/xbnrHoIBGa",US,-96.8861,31.4789
86,[],"[-74.5042419, 40.9071312]",Thu Nov 08 20:49:51 +0000 2018,0,Who doesn't love a slice of warm apple pie?? Not only is our apple incredibly  delicious but also Vegan AND Gluten‚Ä¶ https://t.co/LTYcIKDgS3,US,-74.5042419,40.9071312
87,"['recipe', 'vegan', 'ingredients']","[-73.46508, 40.79285]",Thu Nov 08 20:50:47 +0000 2018,0,"Make it Italian with a Mediterranean twist. Chickpea meatballs with arrabiata sauce. #recipe #vegan #ingredients 
2‚Ä¶ https://t.co/w53w4VNDHL",US,-73.46508,40.79285
88,[],"[-118.250881, 34.045516]",Thu Nov 08 21:00:46 +0000 2018,0,For all of November we are collecting vegan non-perishable items for the vegoutlosangeles Vegan Food Drive! Come sh‚Ä¶ https://t.co/qr6SeJHlm9,US,-118.250881,34.045516
89,[],"[-77.58256056, 43.14691848]",Thu Nov 08 21:06:09 +0000 2018,0,@TinyPearlCat @danapixie @pukipie @BraveWinston @MightyMolasses @denisebrown148 @GimliBT @cobalttash @CinniMini2‚Ä¶ https://t.co/LmB1m69JGe,US,-77.58256056,43.14691848
90,[],"[-71.48485199, 41.43010844]",Thu Nov 08 21:08:51 +0000 2018,0,Dropping some knowledge on Nutrition Thursday. Think twice before you dip into those Halloween bags...‚Ä¶ https://t.co/mWkBblZxgp,US,-71.48485199,41.43010844
91,"['plantbased', 'smoothie', 'juicebar', 'vegan', 'vegetarian', 'lasolasblvd', 'fortlauderdale']","[-80.1305923, 26.1194992]",Thu Nov 08 21:09:15 +0000 2018,0,Repost limitless_theory Thank you. #plantbased #smoothie #juicebar #vegan #vegetarian #lasolasblvd #fortlauderdale‚Ä¶ https://t.co/WB1E32kUkv,US,-80.1305923,26.1194992
92,"['vegan', 'plantbased', 'veganfood', 'healthyfood', 'healthy', 'breakfast', 'ny', 'nyc', 'fruit']","[-74.0029799, 40.60677]",Thu Nov 08 21:19:59 +0000 2018,0,A√ßa√≠ Bowlüåàüòã üç¶ @FUELof18thAve üå± ** #vegan #plantbased #veganfood #healthyfood #healthy #breakfast #ny #nyc #fruit‚Ä¶ https://t.co/UEjukYugsr,US,-74.0029799,40.60677
93,[],"[-73.977363, 40.747768]",Thu Nov 08 21:20:14 +0000 2018,0,Chai tea latte with oat milk (extraordinary) &amp; vegan ginger pumpkin loaf. I‚Äôm so freakin‚Äô happy right now. (at‚Ä¶ https://t.co/hBxj8O5gLF,US,-73.977363,40.747768
94,[],"[-74.0064, 40.7142]",Thu Nov 08 21:32:13 +0000 2018,0,"Since I have to re-do my liquid diet this coming Wednesday I'm taking the time to eat my salad today, I have a nutr‚Ä¶ https://t.co/o3sxKYkEnZ",US,-74.0064,40.7142
95,"['beyondburger', 'veganlunch', 'charfreno']","[-119.78727666, 36.73445963]",Thu Nov 08 21:49:45 +0000 2018,0,Finally trying the #beyondburger with sweet potato fries and vegan sauce @CHARFresno #veganlunch #charfreno‚Ä¶ https://t.co/B0rTO41mEX,US,-119.78727666,36.73445963
96,"['2018NPCNationals', 'fenixfitbars', 'Follow']","[-85.57694576, 38.14267522]",Thu Nov 08 21:56:31 +0000 2018,0,"üí•#2018NPCNationals
üí•@StrengthAddicts in the House!!
üí™Backed by #fenixfitbars
üëè#Follow them at fenixfitco
üòã‚Ä¶ https://t.co/ELJrmCofxG",US,-85.57694576,38.14267522
97,"['vegan', 'chocolatemoussecups', 'shabbos', 'alliesgfgoodies']","[-73.5337863, 40.7452994]",Thu Nov 08 21:57:57 +0000 2018,0,#vegan #chocolatemoussecups perfect for #shabbos or any night of the week! Stop by #alliesgfgoodies to pick up your‚Ä¶ https://t.co/2O08XL1ha5,US,-73.5337863,40.7452994
98,[],"[-86.6998, 32.7001]",Thu Nov 08 22:05:17 +0000 2018,0,Planned on having burgers for dinner but looks like we'll be having chicken instead... This may be the only excepti‚Ä¶ https://t.co/ofn0ODB2XZ,US,-86.6998,32.7001
99,[],"[-104.9836, 39.7391]",Thu Nov 08 22:05:24 +0000 2018,0,"Check out our feature in @WestwordStreet covering the @mjfitnut Vegan Hempsgiving! üòÅ
Link in bio. 
.
.
.
You can al‚Ä¶ https://t.co/khlBuJp2rP",US,-104.9836,39.7391
100,['Vegan'],"[-80.16886, 26.02827]",Thu Nov 08 22:05:47 +0000 2018,0,from miamifoodbabe  -  This Roasted Cauliflower from cauliflowerbites (booth 146) is üî• and TOTALLY #Vegan (yes the‚Ä¶ https://t.co/6UphsBZWpH,US,-80.16886,26.02827
101,"['Strength', 'Cardio', 'Health', 'Diet', 'Fitness', 'dmvfitness', 'fitnessmotivation']","[-76.85419, 38.85726]",Thu Nov 08 22:08:48 +0000 2018,0,One on One with Porsha.  Leg Work!  #Strength #Cardio #Health #Diet #Fitness #dmvfitness #fitnessmotivation‚Ä¶ https://t.co/5DiLfWScRh,US,-76.85419,38.85726
102,"['mealprep', 'fitness', 'workout', 'motivation', 'gym', 'fit', 'healthy', 'bodybuilding']","[-84.3889, 33.7566]",Thu Nov 08 22:15:58 +0000 2018,0,"#mealprep thank you westendeatz chef_ceejai üëë‚ù§Ô∏èüëë 
.
#fitness #workout #motivation #gym #fit #healthy #bodybuilding‚Ä¶ https://t.co/HU5hRftiJj",US,-84.3889,33.7566
103,"['arancini', 'vegan', 'filledwithcheese', 'missrachelspantry', 'cheesethatwemake', 'notfromcows', 'prettycool']","[-75.1737671, 39.9265213]",Thu Nov 08 22:16:03 +0000 2018,0,Baller status. #arancini #vegan #filledwithcheese #missrachelspantry #cheesethatwemake #notfromcows #prettycool‚Ä¶ https://t.co/9Q6EL9stAf,US,-75.1737671,39.9265213
104,[],"[-117.17001, 32.72452]",Thu Nov 08 22:22:58 +0000 2018,0,We‚Äôre here to help with all your Thanksgiving needs. Our vegan and gluten-free sides &amp; pies the perfect solution fo‚Ä¶ https://t.co/Pi6UJUSPh4,US,-117.17001,32.72452
105,"['Strength', 'Cardio', 'Health', 'Diet', 'Fitness', 'fitnessmotivation', 'fitnessmodel', 'dmvfitness', 'weightlifting']","[-76.85419, 38.85726]",Thu Nov 08 22:25:26 +0000 2018,0,Morning Crew!  #Strength #Cardio #Health #Diet #Fitness #fitnessmotivation #fitnessmodel #dmvfitness #weightlifting‚Ä¶ https://t.co/VGNuPrBR3h,US,-76.85419,38.85726
106,[],"[-85.26530625, 42.32538044]",Thu Nov 08 22:30:05 +0000 2018,0,"now taking orders for our annual pie bake! plus, purchase a pie for donation to @outfront_kzoo's family dinner on n‚Ä¶ https://t.co/RwGsBcaehA",US,-85.26530625,42.32538044
107,[],"[-81.356694, 41.152884]",Thu Nov 08 22:32:17 +0000 2018,0,"LAZIZA now delivering with Ozi
Mediterranean cuisine redefined, vegetarian friendly, vegan options and gluten free‚Ä¶ https://t.co/SNjEDqtmSj",US,-81.356694,41.152884
